seed,mse,equacao
507,48026.71068648875,log(log(log(log(-1.6366612111293*X2*log(-1.6366612111293*X3*log(log(X2 + X3)))))))
611,119329.372044091,log(-X0 + 2*X3 + log(X3) + log(log(log(log(0.56*X1*X2*sqrt(X4/cos(tan(X3)/X4)))) + 1.09170305676856*tan(X0 - 2*X3) + 1.09170305676856*tan(X0 - X3))) + log(1.09170305676856*tan(X0 - X3)) + 1.09170305676856*tan(X0 - X3))
582,45540.5482655881,log(X1*X3**2*log(X3))
