seed,mse,equacao
675,110.34859942940574,
661,25.295767655476375,2.75308873001796*X0 + 6.84162062615101*X1 + (X1 - 0.526)/tan(cos(X1)) - 2.98363530752357*sin(X0)/sin(zoo*X1) - 1.84162062615101*sin(sqrt(X1)) - 3.68324125230203*sin(X1) + 1.84162062615101*sin(X1 + 0.116) - 3.68324125230203*sin(sin(X1)) + 0.762201517597477 - 1.84162062615101*sin(X0)/(2*X0 + 3*X1 + sqrt((-(sqrt(X1) + 0.458621023485555)*cos(sqrt(X1)) - sin(X1)*cos(cos(X1)) + 0.833159469740732)*cos(sin(X1))) + 0.567450438364444*I*log(0.708*X0) + 0.116)
